{
  "project_info": {
    "project_number": "117789278472",
    "firebase_url": "https://b07data-default-rtdb.firebaseio.com",
    "project_id": "b07data",
    "storage_bucket": "b07data.appspot.com"
  },
  "client": [
    {
      "client_info": {
        "mobilesdk_app_id": "1:117789278472:android:5a0f978c10b1b64236ecbd",
        "android_client_info": {
          "package_name": "com.example.demoapplication"
        }
      },
      "oauth_client": [],
      "api_key": [
        {
          "current_key": "AIzaSyAh6OpeZJxsZHaxw7k3ME8LHpqFUoB3Z8s"
        }
      ],
      "services": {
        "appinvite_service": {
          "other_platform_oauth_client": []
        }
      }
    },
    {
      "client_info": {
        "mobilesdk_app_id": "1:117789278472:android:d4186ae27fe6c31e36ecbd",
        "android_client_info": {
          "package_name": "com.example.demoapplication2"
        }
      },
      "oauth_client": [],
      "api_key": [
        {
          "current_key": "AIzaSyAh6OpeZJxsZHaxw7k3ME8LHpqFUoB3Z8s"
        }
      ],
      "services": {
        "appinvite_service": {
          "other_platform_oauth_client": []
        }
      }
    }
  ],
  "configuration_version": "1"
}